{
  "project_info": {
    "project_number": "775596655981",
    "project_id": "goingoff2-7b8cf",
    "storage_bucket": "goingoff2-7b8cf.appspot.com"
  },
  "client": [
    {
      "client_info": {
        "mobilesdk_app_id": "1:775596655981:android:baae6eb77e789ed7014664",
        "android_client_info": {
          "package_name": "com.goingoff"
        }
      },
      "oauth_client": [],
      "api_key": [
        {
          "current_key": "AIzaSyBAaVwuuSPwaAl3aw02975V9cyMIQoenuE"
        }
      ],
      "services": {
        "appinvite_service": {
          "other_platform_oauth_client": []
        }
      }
    }
  ],
  "configuration_version": "1"
}